Teilbereich Altstadt;1,91379310344828;41,8918918918919;0,801724137931035;129,279279279279;2,47413793103448;46,8626126126126;0,015765765765766;0,058558558558559;0,263513513513513;0,337837837837838;0,337837837837838;0,092342342342342;0,43018018018018;0,236143768894861;0,510581121934834;0,129996640913672;0,116896204232449;0,006382264024185;2,8963963963964;3,42021276595745;72,6622340425532;21,2449455676516;0,236143768894861;0,468928451461203;0,041652670473631;0,100772589855559;0,001343634531407;0,027880416526705;0,007054081289889;0,10984212294256;0,006382264024185;
;Pers./Haush.;Pkw/100 EW;Pkw/Haush.;Rad/100 EW;Rad/Haush.;Jahre;Azubi;Schüler;Studenten;Ausbildung;Vollzeit;Teilzeit;Erwerbst.;703;1520;387;348;19;Wege/P*T;Wege/mP*T;min/mP;min/Weg;703;1396;124;300;4;83;21;327;19;2977
Aegidii;1,92592592592593;42,3076923076923;0,814814814814815;126,923076923077;2,44444444444444;52,2692307692308;0;0,057692307692308;0,096153846153846;0,153846153846154;0,384615384615385;0,076923076923077;0,461538461538462;0,24;0,509090909090909;0,127272727272727;0,12;0,003636363636364;3;3,46666666666667;56,6;16,3269230769231;0,24;0,490909090909091;0,018181818181818;0,109090909090909;0;0,018181818181818;0;0,12;0,003636363636364;
;Pers./Haush.;Pkw/100 EW;Pkw/Haush.;Rad/100 EW;Rad/Haush.;Jahre;Azubi;Schüler;Studenten;Ausbildung;Vollzeit;Teilzeit;Erwerbst.;66;140;35;33;1;Wege/P*T;Wege/mP*T;min/mP;min/Weg;66;135;5;30;0;5;0;33;1;275
Überwasser;2,08333333333333;40;0,833333333333333;128;2,66666666666667;37,52;0;0,04;0,52;0,56;0,32;0,04;0,36;0,182222222222222;0,673333333333333;0,062222222222222;0,075555555555556;0,006666666666667;2,56;2,90909090909091;48,6363636363636;16,71875;0,182222222222222;0,657777777777778;0,015555555555556;0,046666666666667;0;0,015555555555556;0,011111111111111;0,064444444444445;0,006666666666667;
;Pers./Haush.;Pkw/100 EW;Pkw/Haush.;Rad/100 EW;Rad/Haush.;Jahre;Azubi;Schüler;Studenten;Ausbildung;Vollzeit;Teilzeit;Erwerbst.;82;303;28;34;3;Wege/P*T;Wege/mP*T;min/mP;min/Weg;82;296;7;21;0;7;5;29;3;450
Dom;1,92372881355932;47,5770925110132;0,915254237288135;129,074889867841;2,48305084745763;48,9779735682819;0,013215859030837;0,061674008810573;0,224669603524229;0,299559471365639;0,352422907488987;0,110132158590308;0,462555066079295;0,255156157925751;0,479670005892752;0,142604596346494;0,117265763111373;0,00530347672363;2,76651982378855;3,41304347826087;90,070652173913;26,390127388535;0,255156157925751;0,424867413081909;0,054802592810843;0,106658809664113;0,002357100766058;0,033588685916323;0,008249852681202;0,109015910430171;0,00530347672363;
;Pers./Haush.;Pkw/100 EW;Pkw/Haush.;Rad/100 EW;Rad/Haush.;Jahre;Azubi;Schüler;Studenten;Ausbildung;Vollzeit;Teilzeit;Erwerbst.;433;814;242;199;9;Wege/P*T;Wege/mP*T;min/mP;min/Weg;433;721;93;181;4;57;14;185;9;1697
Buddenturm;1,84444444444444;31,3253012048193;0,577777777777778;121,686746987952;2,24444444444444;39,3132530120482;0,024096385542169;0,024096385542169;0,469879518072289;0,518072289156626;0,228915662650602;0,096385542168675;0,325301204819277;0,234042553191489;0,523404255319149;0,14468085106383;0,08936170212766;0,008510638297872;3,13253012048193;3,71428571428571;60,5428571428571;16,3;0,234042553191489;0,485106382978723;0,038297872340426;0,131914893617021;0;0,012765957446809;0;0,08936170212766;0,008510638297872;
;Pers./Haush.;Pkw/100 EW;Pkw/Haush.;Rad/100 EW;Rad/Haush.;Jahre;Azubi;Schüler;Studenten;Ausbildung;Vollzeit;Teilzeit;Erwerbst.;55;123;34;21;2;Wege/P*T;Wege/mP*T;min/mP;min/Weg;55;114;9;31;0;3;0;21;2;235
Martini;1,9;35,0877192982456;0,666666666666667;143,859649122807;2,73333333333333;48,5964912280702;0,035087719298246;0,105263157894737;0,157894736842105;0,298245614035088;0,403508771929825;0,052631578947369;0,456140350877193;0,209375;0,4375;0,15;0,190625;0,0125;3,12280701754386;3,23636363636364;52,6;16,252808988764;0,209375;0,40625;0,03125;0,115625;0;0,034375;0,00625;0,184375;0,0125;
;Pers./Haush.;Pkw/100 EW;Pkw/Haush.;Rad/100 EW;Rad/Haush.;Jahre;Azubi;Schüler;Studenten;Ausbildung;Vollzeit;Teilzeit;Erwerbst.;67;140;48;61;4;Wege/P*T;Wege/mP*T;min/mP;min/Weg;67;130;10;37;0;11;2;59;4;320
Teilbereich Innenstadtring;1,99149453219927;39,6583282489323;0,789793438639125;135,143380109823;2,6913730255164;44,9389871873093;0,014032946918853;0,045759609517999;0,271507016473459;0,331299572910311;0,352043929225137;0,098230628431971;0,450274557657108;0,163715846994536;0,578360655737705;0,154098360655738;0,095956284153006;0,007868852459016;3,28004881025015;3,67213114754098;70,3592896174863;19,1603422619048;0,163715846994536;0,54448087431694;0,033879781420765;0,121967213114754;0,001967213114754;0,03016393442623;0,008087431693989;0,087868852459016;0,007868852459016;
;Pers./Haush.;Pkw/100 EW;Pkw/Haush.;Rad/100 EW;Rad/Haush.;Jahre;Azubi;Schüler;Studenten;Ausbildung;Vollzeit;Teilzeit;Erwerbst.;749;2646;705;439;36;Wege/P*T;Wege/mP*T;min/mP;min/Weg;749;2491;155;558;9;138;37;402;36;4575
Pluggendorf;2,01470588235294;35,036496350365;0,705882352941176;124,087591240876;2,5;39,3649635036496;0;0,021897810218978;0,37956204379562;0,401459854014598;0,291970802919708;0,109489051094891;0,401459854014598;0,163594470046083;0,642857142857143;0,101382488479263;0,089861751152074;0,002304147465438;3,47445255474453;3,90163934426229;65,6393442622951;16,8235294117647;0,163594470046083;0,619815668202765;0,023041474654378;0,085253456221198;0;0,016129032258065;0;0,089861751152074;0,002304147465438;
;Pers./Haush.;Pkw/100 EW;Pkw/Haush.;Rad/100 EW;Rad/Haush.;Jahre;Azubi;Schüler;Studenten;Ausbildung;Vollzeit;Teilzeit;Erwerbst.;71;279;44;39;1;Wege/P*T;Wege/mP*T;min/mP;min/Weg;71;269;10;37;0;7;0;39;1;434
Josef;1,91275167785235;41,0526315789474;0,785234899328859;134,736842105263;2,57718120805369;44,7157894736842;0,014035087719298;0,049122807017544;0,270175438596491;0,333333333333333;0,371929824561403;0,105263157894737;0,47719298245614;0,205202312138728;0,530346820809249;0,173410404624277;0,086705202312139;0,004335260115607;3,16842105263158;3,59760956175299;69,7848605577689;19,3975636766334;0,205202312138728;0,5;0,030346820809249;0,130057803468208;0,004335260115607;0,039017341040463;0,004335260115607;0,082369942196532;0,004335260115607;
;Pers./Haush.;Pkw/100 EW;Pkw/Haush.;Rad/100 EW;Rad/Haush.;Jahre;Azubi;Schüler;Studenten;Ausbildung;Vollzeit;Teilzeit;Erwerbst.;142;367;120;60;3;Wege/P*T;Wege/mP*T;min/mP;min/Weg;142;346;21;90;3;27;3;57;3;692
Bahnhof;2,25531914893617;21,6981132075472;0,48936170212766;125,471698113208;2,82978723404255;38,5377358490566;0,018867924528302;0,056603773584906;0,339622641509434;0,415094339622642;0,330188679245283;0,122641509433962;0,452830188679245;0,139664804469274;0,418994413407821;0,134078212290503;0,303538175046555;0,003724394785847;3,14150943396226;3,74157303370787;88,1797752808989;23,5675675675676;0,139664804469274;0,400372439478585;0,018621973929237;0,104283054003724;0,001862197392924;0,027932960893855;0,042830540037244;0,260707635009311;0,003724394785847;
;Pers./Haush.;Pkw/100 EW;Pkw/Haush.;Rad/100 EW;Rad/Haush.;Jahre;Azubi;Schüler;Studenten;Ausbildung;Vollzeit;Teilzeit;Erwerbst.;75;225;72;163;2;Wege/P*T;Wege/mP*T;min/mP;min/Weg;75;215;10;56;1;15;23;140;2;537
Hansaplatz;2,01136363636364;28,2485875706215;0,568181818181818;124,293785310734;2,5;40,8926553672316;0,016949152542373;0,028248587570622;0,401129943502825;0,446327683615819;0,305084745762712;0,096045197740113;0,401129943502825;0,163934426229508;0,629508196721311;0,140983606557377;0,065573770491803;0;3,00564971751412;3,43225806451613;69,5032258064516;20,25;0,163934426229508;0,60655737704918;0,022950819672131;0,104918032786885;0,00327868852459;0,032786885245902;0,00655737704918;0,059016393442623;0;
;Pers./Haush.;Pkw/100 EW;Pkw/Haush.;Rad/100 EW;Rad/Haush.;Jahre;Azubi;Schüler;Studenten;Ausbildung;Vollzeit;Teilzeit;Erwerbst.;50;192;43;20;0;Wege/P*T;Wege/mP*T;min/mP;min/Weg;50;185;7;32;1;10;2;18;0;305
Mauritz-West;1,97647058823529;38,0952380952381;0,752941176470588;151,190476190476;2,98823529411765;42,9404761904762;0,005952380952381;0,05952380952381;0,238095238095238;0,303571428571429;0,380952380952381;0,142857142857143;0,523809523809524;0,202941176470588;0,594117647058823;0,158823529411765;0,032352941176471;0,011764705882353;3,69047619047619;4,02597402597403;76,3961038961039;18,9758064516129;0,202941176470588;0,558823529411765;0,035294117647059;0,132352941176471;0;0,026470588235294;0,002941176470588;0,029411764705882;0,011764705882353;
;Pers./Haush.;Pkw/100 EW;Pkw/Haush.;Rad/100 EW;Rad/Haush.;Jahre;Azubi;Schüler;Studenten;Ausbildung;Vollzeit;Teilzeit;Erwerbst.;69;202;54;11;4;Wege/P*T;Wege/mP*T;min/mP;min/Weg;69;190;12;45;0;9;1;10;4;340
Schlachthof;2,01136363636364;53,1073446327684;1,06818181818182;148,022598870057;2,97727272727273;53,4406779661017;0;0,07909604519774;0,112994350282486;0,192090395480226;0,435028248587571;0,101694915254237;0,536723163841808;0,162222222222222;0,595555555555556;0,188888888888889;0,042222222222222;0,011111111111111;3,46892655367232;3,74390243902439;68,7012195121951;18,3501628664495;0,162222222222222;0,546666666666667;0,048888888888889;0,153333333333333;0;0,035555555555556;0,002222222222222;0,04;0,011111111111111;
;Pers./Haush.;Pkw/100 EW;Pkw/Haush.;Rad/100 EW;Rad/Haush.;Jahre;Azubi;Schüler;Studenten;Ausbildung;Vollzeit;Teilzeit;Erwerbst.;73;268;85;19;5;Wege/P*T;Wege/mP*T;min/mP;min/Weg;73;246;22;69;0;16;1;18;5;450
Kreuz;2,02884615384615;43,1279620853081;0,875;139,336492890995;2,82692307692308;46,8009478672986;0,018957345971564;0,042654028436019;0,234597156398104;0,296208530805687;0,345971563981043;0,082938388625592;0,428909952606635;0,169832402234637;0,606703910614525;0,156424581005587;0,051396648044693;0,015642458100559;3,09478672985782;3,45502645502645;64,9444444444444;18,7970903522205;0,169832402234637;0,556424581005587;0,050279329608939;0,132960893854749;0,003351955307263;0,020111731843576;0,001117318435754;0,050279329608939;0,015642458100559;
;Pers./Haush.;Pkw/100 EW;Pkw/Haush.;Rad/100 EW;Rad/Haush.;Jahre;Azubi;Schüler;Studenten;Ausbildung;Vollzeit;Teilzeit;Erwerbst.;152;543;140;46;14;Wege/P*T;Wege/mP*T;min/mP;min/Weg;152;498;45;119;3;18;1;45;14;895
Neutor;1,86046511627907;46,25;0,86046511627907;140;2,6046511627907;43,55;0,0125;0,025;0,275;0,3125;0,45;0,05;0,5;0,189723320158103;0,592885375494071;0,154150197628459;0,047430830039526;0,015810276679842;3,1625;3,56338028169014;79,9295774647887;22,4308300395257;0,189723320158103;0,553359683794466;0,039525691699605;0,118577075098814;0,00395256916996;0,031620553359684;0;0,047430830039526;0,015810276679842;
;Pers./Haush.;Pkw/100 EW;Pkw/Haush.;Rad/100 EW;Rad/Haush.;Jahre;Azubi;Schüler;Studenten;Ausbildung;Vollzeit;Teilzeit;Erwerbst.;48;150;39;12;4;Wege/P*T;Wege/mP*T;min/mP;min/Weg;48;140;10;30;1;8;0;12;4;253
Schloss;1,85106382978723;40,2298850574713;0,74468085106383;105,747126436782;1,95744680851064;49,2873563218391;0,045977011494253;0,03448275862069;0,32183908045977;0,402298850574713;0,218390804597701;0,057471264367816;0,275862068965517;0,103139013452915;0,62780269058296;0,161434977578475;0,103139013452915;0,004484304932735;3,89655172413793;4,2375;70,0625;16,5339233038348;0,103139013452915;0,600896860986547;0,026905829596413;0,119581464872945;0;0,041853512705531;0,008968609865471;0,094170403587444;0,004484304932735;
;Pers./Haush.;Pkw/100 EW;Pkw/Haush.;Rad/100 EW;Rad/Haush.;Jahre;Azubi;Schüler;Studenten;Ausbildung;Vollzeit;Teilzeit;Erwerbst.;69;420;108;69;3;Wege/P*T;Wege/mP*T;min/mP;min/Weg;69;402;18;80;0;28;6;63;3;669
Teilbereich Mitte-Süd;2,08114035087719;48,2613277133825;1,00438596491228;140,252897787144;2,91885964912281;47,8788198103267;0,016859852476291;0,090621707060063;0,150684931506849;0,258166491043203;0,367755532139094;0,123287671232877;0,49104320337197;0,119715362076183;0,541230640435329;0,274173294265383;0,059439095856007;0,005441607367099;3,22128556375132;3,55878928987194;69,9359720605355;19,6516192345437;0,119715362076183;0,477605692758476;0,063624947676852;0,219338635412306;0,003348681456676;0,0514859773964;0,002092925910423;0,057346169945584;0,005441607367099;
;Pers./Haush.;Pkw/100 EW;Pkw/Haush.;Rad/100 EW;Rad/Haush.;Jahre;Azubi;Schüler;Studenten;Ausbildung;Vollzeit;Teilzeit;Erwerbst.;286;1293;655;142;13;Wege/P*T;Wege/mP*T;min/mP;min/Weg;286;1141;152;524;8;123;5;137;13;2389
Aaseestadt;1,90291262135922;55,6122448979592;1,05825242718447;154,081632653061;2,93203883495146;53,7244897959184;0,010204081632653;0,086734693877551;0,153061224489796;0,25;0,352040816326531;0,107142857142857;0,459183673469388;0,142548596112311;0,55939524838013;0,233261339092873;0,058315334773218;0,006479481641469;3,29081632653061;3,60335195530726;74,4469273743017;20,6604651162791;0,142548596112311;0,501079913606911;0,058315334773218;0,190064794816415;0,006479481641469;0,036717062634989;0;0,058315334773218;0,006479481641469;
;Pers./Haush.;Pkw/100 EW;Pkw/Haush.;Rad/100 EW;Rad/Haush.;Jahre;Azubi;Schüler;Studenten;Ausbildung;Vollzeit;Teilzeit;Erwerbst.;66;259;108;27;3;Wege/P*T;Wege/mP*T;min/mP;min/Weg;66;232;27;88;3;17;0;27;3;463
Geist;2,14545454545455;46,1864406779661;0,990909090909091;142,372881355932;3,05454545454545;48,6483050847458;0,01271186440678;0,088983050847458;0,13135593220339;0,233050847457627;0,338983050847458;0,144067796610169;0,483050847457627;0,105461393596987;0,642184557438795;0,175141242937853;0,071563088512241;0,005649717514124;3,29237288135593;3,5158371040724;63,8280542986425;18,1544401544402;0,105461393596987;0,593220338983051;0,048964218455744;0,146892655367232;0;0,028248587570622;0;0,071563088512241;0,005649717514124;
;Pers./Haush.;Pkw/100 EW;Pkw/Haush.;Rad/100 EW;Rad/Haush.;Jahre;Azubi;Schüler;Studenten;Ausbildung;Vollzeit;Teilzeit;Erwerbst.;56;341;93;38;3;Wege/P*T;Wege/mP*T;min/mP;min/Weg;56;315;26;78;0;15;0;38;3;531
Schützendorf;1,91503267973856;44,7098976109215;0,856209150326797;138,907849829352;2,66013071895425;43,3003412969283;0,030716723549488;0,054607508532423;0,21160409556314;0,296928327645051;0,42320819112628;0,102389078498294;0,525597269624573;0,147058823529412;0,504524886877828;0,287330316742081;0,055429864253394;0,005656108597285;3,19795221843003;3,67450980392157;70,8745098039216;19,2881536819637;0,147058823529412;0,46606334841629;0,038461538461539;0,22737556561086;0,004524886877828;0,055429864253394;0,003393665158371;0,052036199095023;0,005656108597285;
;Pers./Haush.;Pkw/100 EW;Pkw/Haush.;Rad/100 EW;Rad/Haush.;Jahre;Azubi;Schüler;Studenten;Ausbildung;Vollzeit;Teilzeit;Erwerbst.;130;446;254;49;5;Wege/P*T;Wege/mP*T;min/mP;min/Weg;130;412;34;201;4;49;3;46;5;884
Düesberg;2,48888888888889;48,6607142857143;1,21111111111111;127,678571428571;3,17777777777778;47,9419642857143;0,008928571428571;0,142857142857143;0,089285714285714;0,241071428571429;0,339285714285714;0,142857142857143;0,482142857142857;0,066536203522505;0,483365949119374;0,391389432485323;0,054794520547945;0,003913894324853;3,11607142857143;3,42156862745098;71,421568627451;20,8739255014327;0,066536203522505;0,356164383561644;0,12720156555773;0,307240704500978;0,001956947162427;0,082191780821918;0,003913894324853;0,050880626223092;0,003913894324853;
;Pers./Haush.;Pkw/100 EW;Pkw/Haush.;Rad/100 EW;Rad/Haush.;Jahre;Azubi;Schüler;Studenten;Ausbildung;Vollzeit;Teilzeit;Erwerbst.;34;247;200;28;2;Wege/P*T;Wege/mP*T;min/mP;min/Weg;34;182;65;157;1;42;2;26;2;511
Teilbereich Mitte-Nordost;2,01646090534979;46,734693877551;0,94238683127572;145,918367346939;2,94238683127572;49,8908163265306;0,019387755102041;0,079591836734694;0,146938775510204;0,245918367346939;0,374489795918367;0,126530612244898;0,501020408163265;0,102446483180428;0,576070336391437;0,24808868501529;0,063455657492355;0,009938837920489;3,21734693877551;3,54269662921348;69,7932584269663;19,7006026006978;0,102446483180428;0,525611620795107;0,05045871559633;0,206039755351682;0,00611620795107;0,035932721712538;0,00611620795107;0,057339449541284;0,009938837920489;
;Pers./Haush.;Pkw/100 EW;Pkw/Haush.;Rad/100 EW;Rad/Haush.;Jahre;Azubi;Schüler;Studenten;Ausbildung;Vollzeit;Teilzeit;Erwerbst.;268;1507;649;166;26;Wege/P*T;Wege/mP*T;min/mP;min/Weg;268;1375;132;539;16;94;16;150;26;2616
Hafen;2,06666666666667;29,0322580645161;0,6;112,903225806452;2,33333333333333;41,1612903225806;0,064516129032258;0,064516129032258;0,258064516129032;0,387096774193548;0,516129032258065;0,032258064516129;0,548387096774194;0,124137931034483;0,582758620689655;0,227586206896552;0,051724137931035;0,013793103448276;3,32258064516129;3,81481481481481;68,8888888888889;18,0582524271845;0,124137931034483;0,531034482758621;0,051724137931035;0,2;0,003448275862069;0,024137931034483;0;0,051724137931035;0,013793103448276;
;Pers./Haush.;Pkw/100 EW;Pkw/Haush.;Rad/100 EW;Rad/Haush.;Jahre;Azubi;Schüler;Studenten;Ausbildung;Vollzeit;Teilzeit;Erwerbst.;36;169;66;15;4;Wege/P*T;Wege/mP*T;min/mP;min/Weg;36;154;15;58;1;7;0;15;4;290
Herz-Jesu;1,87341772151899;47,2972972972973;0,886075949367089;145,945945945946;2,73417721518987;52,8581081081081;0,02027027027027;0,067567567567568;0,128378378378378;0,216216216216216;0,405405405405405;0,121621621621622;0,527027027027027;0,09504132231405;0,582644628099173;0,241735537190083;0,068181818181818;0,012396694214876;3,24324324324324;3,52941176470588;66,4705882352941;18,8333333333333;0,09504132231405;0,53099173553719;0,051652892561984;0,198347107438017;0,006198347107438;0,037190082644628;0,008264462809917;0,059917355371901;0,012396694214876;
;Pers./Haush.;Pkw/100 EW;Pkw/Haush.;Rad/100 EW;Rad/Haush.;Jahre;Azubi;Schüler;Studenten;Ausbildung;Vollzeit;Teilzeit;Erwerbst.;46;282;117;33;6;Wege/P*T;Wege/mP*T;min/mP;min/Weg;46;257;25;96;3;18;4;29;6;484
Mauritz-Mitte;1,81935483870968;50,354609929078;0,916129032258064;153,900709219858;2,8;52,0744680851064;0,024822695035461;0,046099290780142;0,134751773049645;0,205673758865248;0,365248226950355;0,127659574468085;0,49290780141844;0,132530120481928;0,546184738955823;0,255020080321285;0,052208835341366;0,014056224899598;3,03191489361702;3,42;67,716;19,8;0,132530120481928;0,493975903614458;0,052208835341366;0,20281124497992;0,004016064257028;0,048192771084337;0,008032128514056;0,044176706827309;0,014056224899598;
;Pers./Haush.;Pkw/100 EW;Pkw/Haush.;Rad/100 EW;Rad/Haush.;Jahre;Azubi;Schüler;Studenten;Ausbildung;Vollzeit;Teilzeit;Erwerbst.;66;272;127;26;7;Wege/P*T;Wege/mP*T;min/mP;min/Weg;66;246;26;101;2;24;4;22;7;498
Rumphorst;2,28448275862069;42,6415094339623;0,974137931034483;150,566037735849;3,43965517241379;51,4075471698113;0,018867924528302;0,090566037735849;0,124528301886792;0,233962264150943;0,350943396226415;0,147169811320755;0,49811320754717;0,080838323353293;0,612275449101796;0,239520958083832;0,062874251497006;0,004491017964072;3,39622641509434;3,65853658536585;72,5691056910569;19,8355555555556;0,080838323353293;0,540419161676647;0,07185628742515;0,196107784431138;0,00748502994012;0,035928143712575;0,008982035928144;0,053892215568862;0,004491017964072;
;Pers./Haush.;Pkw/100 EW;Pkw/Haush.;Rad/100 EW;Rad/Haush.;Jahre;Azubi;Schüler;Studenten;Ausbildung;Vollzeit;Teilzeit;Erwerbst.;54;409;160;42;3;Wege/P*T;Wege/mP*T;min/mP;min/Weg;54;361;48;131;5;24;6;36;3;668
Uppenberg;2,09917355371901;48,8188976377953;1,02479338842975;136,220472440945;2,8595041322314;45,2204724409449;0,007874015748032;0,114173228346457;0,181102362204724;0,303149606299213;0,374015748031496;0,118110236220472;0,492125984251969;0,097633136094675;0,554733727810651;0,264792899408284;0,07396449704142;0,00887573964497;3,20866141732283;3,52813852813853;71,1471861471861;20,1656441717791;0,097633136094675;0,52810650887574;0,026627218934911;0,226331360946746;0,007396449704142;0,031065088757397;0,002958579881657;0,071005917159763;0,00887573964497;
;Pers./Haush.;Pkw/100 EW;Pkw/Haush.;Rad/100 EW;Rad/Haush.;Jahre;Azubi;Schüler;Studenten;Ausbildung;Vollzeit;Teilzeit;Erwerbst.;66;375;179;50;6;Wege/P*T;Wege/mP*T;min/mP;min/Weg;66;357;18;153;5;21;2;48;6;676
Münster-West;2,29333333333333;51,9027484143763;1,19030303030303;125,264270613108;2,87272727272727;50,7299154334038;0,017970401691332;0,107293868921776;0,153805496828753;0,279069767441861;0,299154334038055;0,123150105708245;0,4223044397463;0,09515002055076;0,460748047677764;0,35121249486231;0,087135224003288;0,005754212905878;3,03171247357294;3,35831381733021;70,7400468384075;21,0641562064156;0,09515002055076;0,409987669543773;0,050760378133991;0,276818742293465;0,003288121660501;0,071105630908344;0,005754212905878;0,081381011097411;0,005754212905878;
;Pers./Haush.;Pkw/100 EW;Pkw/Haush.;Rad/100 EW;Rad/Haush.;Jahre;Azubi;Schüler;Studenten;Ausbildung;Vollzeit;Teilzeit;Erwerbst.;463;2242;1709;424;28;Wege/P*T;Wege/mP*T;min/mP;min/Weg;463;1995;247;1347;16;346;28;396;28;4866
Gievenbeck;2,32307692307692;44,205298013245;1,02692307692308;124,668874172185;2,89615384615385;45,4403973509934;0,021523178807947;0,120860927152318;0,188741721854305;0,33112582781457;0,316225165562914;0,120860927152318;0,437086092715232;0,121689334287759;0,46957766642806;0,310665712240515;0,093772369362921;0,004294917680744;3,0976821192053;3,408014571949;68,4772313296903;20,0929983965794;0,121689334287759;0,415891195418755;0,053686471009306;0,240515390121689;0,002147458840372;0,068002863278454;0,00286327845383;0,090909090909091;0,004294917680744;
;Pers./Haush.;Pkw/100 EW;Pkw/Haush.;Rad/100 EW;Rad/Haush.;Jahre;Azubi;Schüler;Studenten;Ausbildung;Vollzeit;Teilzeit;Erwerbst.;170;656;434;131;6;Wege/P*T;Wege/mP*T;min/mP;min/Weg;170;581;75;336;3;95;4;127;6;1397
Sentrup;2,30081300813008;40,9893992932862;0,943089430894309;132,155477031802;3,04065040650406;45,2968197879859;0,010600706713781;0,070671378091873;0,3886925795053;0,469964664310954;0,243816254416961;0,074204946996467;0,318021201413428;0,081412103746398;0,659221902017291;0,192363112391931;0,061239193083574;0,005763688760807;3,31802120141343;3,71146245059289;63,8814229249012;17,2119275825346;0,081412103746398;0,636167146974063;0,023054755043228;0,154178674351585;0,000720461095101;0,037463976945245;0,000720461095101;0,060518731988473;0,005763688760807;
;Pers./Haush.;Pkw/100 EW;Pkw/Haush.;Rad/100 EW;Rad/Haush.;Jahre;Azubi;Schüler;Studenten;Ausbildung;Vollzeit;Teilzeit;Erwerbst.;113;915;267;85;8;Wege/P*T;Wege/mP*T;min/mP;min/Weg;113;883;32;214;1;52;1;84;8;1388
Mecklenbeck;2,22463768115942;54,7231270358306;1,21739130434783;125,081433224756;2,78260869565217;53,3778501628665;0,022801302931596;0,100977198697068;0,11400651465798;0,237785016286645;0,302931596091205;0,153094462540717;0,456026058631922;0,043356643356643;0,432167832167832;0,430769230769231;0,088111888111888;0,005594405594406;2,92508143322476;3,21863799283154;69,7168458781362;21,6603563474388;0,043356643356643;0,363636363636364;0,068531468531469;0,344055944055944;0,005594405594406;0,081118881118881;0,006993006993007;0,081118881118881;0,005594405594406;
;Pers./Haush.;Pkw/100 EW;Pkw/Haush.;Rad/100 EW;Rad/Haush.;Jahre;Azubi;Schüler;Studenten;Ausbildung;Vollzeit;Teilzeit;Erwerbst.;31;309;308;63;4;Wege/P*T;Wege/mP*T;min/mP;min/Weg;31;260;49;246;4;58;5;58;4;715
Albachten;2,70512820512821;57,8199052132701;1,56410256410256;128,436018957346;3,47435897435897;53,2748815165877;0,023696682464455;0,151658767772512;0,037914691943128;0,213270142180095;0,298578199052133;0,146919431279621;0,445497630331754;0,106145251396648;0,254189944134078;0,480446927374302;0,153631284916201;0,005586592178771;2,90521327014218;3,27807486631016;82,5347593582888;25,1778140293638;0,106145251396648;0,17877094972067;0,075418994413408;0,368715083798883;0,008379888268156;0,103351955307263;0,025139664804469;0,128491620111732;0,005586592178771;
;Pers./Haush.;Pkw/100 EW;Pkw/Haush.;Rad/100 EW;Rad/Haush.;Jahre;Azubi;Schüler;Studenten;Ausbildung;Vollzeit;Teilzeit;Erwerbst.;38;91;172;55;2;Wege/P*T;Wege/mP*T;min/mP;min/Weg;38;64;27;132;3;37;9;46;2;358
Roxel;2,15178571428571;66,3900414937759;1,42857142857143;114,522821576763;2,46428571428571;56,9792531120332;0,004149377593361;0,107883817427386;0,045643153526971;0,157676348547718;0,352697095435685;0,12448132780083;0,477178423236515;0,073308270676692;0,291353383458647;0,545112781954887;0,077067669172932;0,013157894736842;2,93360995850622;3,28837209302326;74,1023255813954;22,5346534653465;0,073308270676692;0,231203007518797;0,06015037593985;0,453007518796993;0,00187969924812;0,090225563909775;0,005639097744361;0,071428571428572;0,013157894736842;
;Pers./Haush.;Pkw/100 EW;Pkw/Haush.;Rad/100 EW;Rad/Haush.;Jahre;Azubi;Schüler;Studenten;Ausbildung;Vollzeit;Teilzeit;Erwerbst.;39;155;290;41;7;Wege/P*T;Wege/mP*T;min/mP;min/Weg;39;123;32;241;1;48;3;38;7;532
Nienberge;2,15789473684211;60,5691056910569;1,30701754385965;126,829268292683;2,73684210526316;58,3577235772358;0,020325203252033;0,085365853658537;0,052845528455285;0,158536585365854;0,264227642276423;0,126016260162602;0,390243902439024;0,151260504201681;0,243697478991597;0,5;0,102941176470588;0,002100840336134;2,8780487804878;3,14666666666667;72,2266666666667;22,9533898305085;0,151260504201681;0,176470588235294;0,067226890756303;0,373949579831933;0,008403361344538;0,117647058823529;0,012605042016807;0,090336134453782;0,002100840336134;
;Pers./Haush.;Pkw/100 EW;Pkw/Haush.;Rad/100 EW;Rad/Haush.;Jahre;Azubi;Schüler;Studenten;Ausbildung;Vollzeit;Teilzeit;Erwerbst.;72;116;238;49;1;Wege/P*T;Wege/mP*T;min/mP;min/Weg;72;84;32;178;4;56;6;43;1;476
Münster-Nord;2,15613382899628;54,3103448275862;1,17100371747212;126,724137931034;2,73234200743494;53,2241379310345;0,027586206896552;0,105172413793103;0,077586206896552;0,210344827586207;0,293103448275862;0,167241379310345;0,460344827586207;0,117784711388456;0,383775351014041;0,411076443057722;0,084243369734789;0,003120124804992;2,94310344827586;3,25142857142857;69,9409523809524;21,5108377270064;0,117784711388456;0,339313572542902;0,044461778471139;0,332293291731669;0,001560062402496;0,077223088923557;0,003120124804992;0,081123244929797;0,003120124804992;
;Pers./Haush.;Pkw/100 EW;Pkw/Haush.;Rad/100 EW;Rad/Haush.;Jahre;Azubi;Schüler;Studenten;Ausbildung;Vollzeit;Teilzeit;Erwerbst.;151;492;527;108;4;Wege/P*T;Wege/mP*T;min/mP;min/Weg;151;435;57;426;2;99;4;104;4;1282
Coerde;2,10294117647059;49,6503496503497;1,04411764705882;146,853146853147;3,08823529411765;57,6923076923077;0,013986013986014;0,104895104895105;0,034965034965035;0,153846153846154;0,27972027972028;0,174825174825175;0,454545454545455;0,103092783505155;0,429553264604811;0,371134020618557;0,096219931271478;0;2,98601398601399;3,38888888888889;82,9126984126984;24,4660421545667;0,103092783505155;0,371134020618557;0,058419243986254;0,302405498281787;0,003436426116838;0,065292096219931;0,003436426116838;0,092783505154639;0;
;Pers./Haush.;Pkw/100 EW;Pkw/Haush.;Rad/100 EW;Rad/Haush.;Jahre;Azubi;Schüler;Studenten;Ausbildung;Vollzeit;Teilzeit;Erwerbst.;30;125;108;28;0;Wege/P*T;Wege/mP*T;min/mP;min/Weg;30;108;17;88;1;19;1;27;0;291
Kinderhaus-Ost;2;50,8196721311475;1,01639344262295;123,770491803279;2,47540983606557;54,6065573770492;0,016393442622951;0,10655737704918;0,081967213114754;0,204918032786885;0,336065573770492;0,122950819672131;0,459016393442623;0,115384615384615;0,416083916083916;0,391608391608392;0,076923076923077;0;2,63934426229508;3,00934579439252;56,7570093457944;18,860248447205;0,115384615384615;0,367132867132867;0,048951048951049;0,304195804195804;0,003496503496504;0,083916083916084;0;0,076923076923077;0;
;Pers./Haush.;Pkw/100 EW;Pkw/Haush.;Rad/100 EW;Rad/Haush.;Jahre;Azubi;Schüler;Studenten;Ausbildung;Vollzeit;Teilzeit;Erwerbst.;33;119;112;22;0;Wege/P*T;Wege/mP*T;min/mP;min/Weg;33;105;14;87;1;24;0;22;0;286
Kinderhaus-West;2,10185185185185;56,8281938325991;1,19444444444444;124,229074889868;2,61111111111111;51,3039647577093;0,030837004405286;0,070484581497797;0,13215859030837;0,233480176211454;0,299559471365639;0,180616740088106;0,480176211453744;0,129277566539924;0,404942965779468;0,372623574144487;0,085551330798479;0,007604562737643;2,94273127753304;3,21153846153846;69,0961538461538;21,5149700598802;0,129277566539924;0,366920152091255;0,038022813688213;0,302281368821293;0;0,070342205323194;0;0,085551330798479;0,007604562737643;
;Pers./Haush.;Pkw/100 EW;Pkw/Haush.;Rad/100 EW;Rad/Haush.;Jahre;Azubi;Schüler;Studenten;Ausbildung;Vollzeit;Teilzeit;Erwerbst.;68;213;196;45;4;Wege/P*T;Wege/mP*T;min/mP;min/Weg;68;193;20;159;0;37;0;45;4;526
Sprakel;2,75;60,2272727272727;1,65625;104,545454545455;2,875;49;0,056818181818182;0,193181818181818;0;0,25;0,238636363636364;0,181818181818182;0,420454545454546;0,111731843575419;0,195530726256983;0,620111731843575;0,072625698324022;0;3,29545454545455;3,45238095238095;69,3690476190476;20,0931034482759;0,111731843575419;0,162011173184358;0,033519553072626;0,513966480446927;0;0,106145251396648;0,016759776536313;0,05586592178771;0;
;Pers./Haush.;Pkw/100 EW;Pkw/Haush.;Rad/100 EW;Rad/Haush.;Jahre;Azubi;Schüler;Studenten;Ausbildung;Vollzeit;Teilzeit;Erwerbst.;20;35;111;13;0;Wege/P*T;Wege/mP*T;min/mP;min/Weg;20;29;6;92;0;19;3;10;0;179
Münster-Ost;2,20923076923077;62,6740947075209;1,38461538461538;137,743732590529;3,04307692307692;57,1044568245125;0,006963788300836;0,110027855153203;0,057103064066852;0,174094707520891;0,34958217270195;0,142061281337047;0,491643454038997;0,100246002460025;0,397908979089791;0,412669126691267;0,085485854858549;0,003690036900369;2,86211699164345;3,19099378881988;77,2795031055901;24,21800486618;0,100246002460025;0,337023370233702;0,060885608856089;0,31980319803198;0,003075030750308;0,089790897908979;0,003075030750308;0,082410824108241;0,003690036900369;
;Pers./Haush.;Pkw/100 EW;Pkw/Haush.;Rad/100 EW;Rad/Haush.;Jahre;Azubi;Schüler;Studenten;Ausbildung;Vollzeit;Teilzeit;Erwerbst.;163;647;671;139;6;Wege/P*T;Wege/mP*T;min/mP;min/Weg;163;548;99;520;5;146;5;134;6;1626
Mauritz-Ost;2,04929577464789;64,2611683848797;1,3169014084507;135,73883161512;2,78169014084507;57,4639175257732;0;0,072164948453608;0,092783505154639;0,164948453608247;0,353951890034364;0,127147766323024;0,481099656357388;0,12624584717608;0,460132890365449;0,327242524916943;0,083056478405316;0,003322259136213;2,89690721649485;3,15730337078652;74,3370786516854;23,5444839857651;0,12624584717608;0,393687707641196;0,066445182724253;0,247508305647841;0,001661129568106;0,078073089700997;0,001661129568106;0,081395348837209;0,003322259136213;
;Pers./Haush.;Pkw/100 EW;Pkw/Haush.;Rad/100 EW;Rad/Haush.;Jahre;Azubi;Schüler;Studenten;Ausbildung;Vollzeit;Teilzeit;Erwerbst.;76;277;197;50;2;Wege/P*T;Wege/mP*T;min/mP;min/Weg;76;237;40;149;1;47;1;49;2;602
Gelmer-Dyckburg;2,28378378378378;59,1715976331361;1,35135135135135;136,094674556213;3,10810810810811;56,6804733727811;0;0,124260355029586;0,047337278106509;0,171597633136095;0,319526627218935;0,171597633136095;0,49112426035503;0,095969289827255;0,418426103646833;0,418426103646833;0,061420345489443;0,005758157389635;2,80473372781065;3,26896551724138;76,8206896551724;23,5;0,095969289827255;0,351247600767754;0,067178502879079;0,347408829174664;0;0,071017274472169;0,00767754318618;0,053742802303263;0,005758157389635;
;Pers./Haush.;Pkw/100 EW;Pkw/Haush.;Rad/100 EW;Rad/Haush.;Jahre;Azubi;Schüler;Studenten;Ausbildung;Vollzeit;Teilzeit;Erwerbst.;50;218;218;32;3;Wege/P*T;Wege/mP*T;min/mP;min/Weg;50;183;35;181;0;37;4;28;3;521
Handorf;2,36697247706422;63,1782945736434;1,4954128440367;141,085271317829;3,3394495412844;56,9767441860465;0,01937984496124;0,143410852713178;0,023255813953488;0,186046511627907;0,364341085271318;0,13953488372093;0,503875968992248;0,073558648111332;0,302186878727634;0,508946322067594;0,113320079522863;0,001988071570577;2,86046511627907;3,18103448275862;80,9525862068966;25,4485094850949;0,073558648111332;0,254473161033797;0,047713717693837;0,377733598409543;0,007952286282306;0,123260437375746;0;0,113320079522863;0,001988071570577;
;Pers./Haush.;Pkw/100 EW;Pkw/Haush.;Rad/100 EW;Rad/Haush.;Jahre;Azubi;Schüler;Studenten;Ausbildung;Vollzeit;Teilzeit;Erwerbst.;37;152;256;57;1;Wege/P*T;Wege/mP*T;min/mP;min/Weg;37;128;24;190;4;62;0;57;1;503
Münster-Südost;2,35082872928177;59,6944770857814;1,40331491712707;128,672150411281;3,02486187845304;53,0094007050529;0,017626321974148;0,083431257344301;0,051703877790834;0,152761457109283;0,368977673325499;0,136310223266745;0,505287896592245;0,072932717000514;0,369286081150488;0,467899332306112;0,085259373394967;0,00462249614792;2,78730904817861;3,22721088435374;74,5591836734694;23,1032883642496;0,072932717000514;0,310734463276836;0,058551617873652;0,364149974319466;0,003081664098613;0,100667693888033;0,003081664098613;0,082177709296353;0,00462249614792;
;Pers./Haush.;Pkw/100 EW;Pkw/Haush.;Rad/100 EW;Rad/Haush.;Jahre;Azubi;Schüler;Studenten;Ausbildung;Vollzeit;Teilzeit;Erwerbst.;142;719;911;166;9;Wege/P*T;Wege/mP*T;min/mP;min/Weg;142;605;114;709;6;196;6;160;9;1947
Gremmendorf-West;2,57142857142857;55,5555555555556;1,42857142857143;139,583333333333;3,58928571428571;48,6666666666667;0,013888888888889;0,0625;0,069444444444445;0,145833333333333;0,4375;0,152777777777778;0,590277777777778;0,026607538802661;0,350332594235033;0,558758314855876;0,06430155210643;0;2,48611111111111;3,00840336134454;71,9663865546219;23,9217877094972;0,026607538802661;0,299334811529933;0,0509977827051;0,458980044345898;0,004434589800443;0,095343680709534;0,006651884700665;0,057649667405765;0;
;Pers./Haush.;Pkw/100 EW;Pkw/Haush.;Rad/100 EW;Rad/Haush.;Jahre;Azubi;Schüler;Studenten;Ausbildung;Vollzeit;Teilzeit;Erwerbst.;12;158;252;29;0;Wege/P*T;Wege/mP*T;min/mP;min/Weg;12;135;23;207;2;43;3;26;0;451
Gremmendorf-Ost;2,47826086956522;58,7719298245614;1,45652173913043;128,947368421053;3,19565217391304;50,8377192982456;0,013157894736842;0,114035087719298;0,065789473684211;0,192982456140351;0,355263157894737;0,166666666666667;0,521929824561403;0,091451292246521;0,453280318091451;0,365805168986084;0,081510934393638;0,007952286282306;2,89035087719298;3,23039215686275;71,9362745098039;22,2685887708649;0,091451292246521;0,399602385685885;0,053677932405567;0,284294234592445;0,003976143141153;0,077534791252485;0,001988071570577;0,079522862823062;0,007952286282306;
;Pers./Haush.;Pkw/100 EW;Pkw/Haush.;Rad/100 EW;Rad/Haush.;Jahre;Azubi;Schüler;Studenten;Ausbildung;Vollzeit;Teilzeit;Erwerbst.;46;228;184;41;4;Wege/P*T;Wege/mP*T;min/mP;min/Weg;46;201;27;143;2;39;1;40;4;503
Angelmodde;2;61,9318181818182;1,23863636363636;123,863636363636;2,47727272727273;60,7613636363636;0,022727272727273;0,039772727272727;0,028409090909091;0,090909090909091;0,375;0,073863636363636;0,448863636363636;0,071052631578947;0,35;0,468421052631579;0,110526315789474;0;2,76136363636364;3,19736842105263;78,3157894736842;24,4938271604938;0,071052631578947;0,281578947368421;0,068421052631579;0,365789473684211;0,005263157894737;0,097368421052632;0,002631578947368;0,107894736842105;0;
;Pers./Haush.;Pkw/100 EW;Pkw/Haush.;Rad/100 EW;Rad/Haush.;Jahre;Azubi;Schüler;Studenten;Ausbildung;Vollzeit;Teilzeit;Erwerbst.;27;133;178;42;0;Wege/P*T;Wege/mP*T;min/mP;min/Weg;27;107;26;139;2;37;1;41;0;380
Wolbeck;2,4047619047619;61,0561056105611;1,46825396825397;126,072607260726;3,03174603174603;52,2046204620462;0,01980198019802;0,095709570957096;0,046204620462046;0,161716171617162;0,343234323432343;0,141914191419142;0,485148514851485;0,092985318107667;0,32626427406199;0,484502446982055;0,088091353996737;0,00815660685155;2,86798679867987;3,34230769230769;75,6076923076923;22,6214039125432;0,092985318107667;0,264274061990212;0,061990212071778;0,358890701468189;0;0,125611745513866;0,00163132137031;0,086460032626427;0,00815660685155;
;Pers./Haush.;Pkw/100 EW;Pkw/Haush.;Rad/100 EW;Rad/Haush.;Jahre;Azubi;Schüler;Studenten;Ausbildung;Vollzeit;Teilzeit;Erwerbst.;57;200;297;54;5;Wege/P*T;Wege/mP*T;min/mP;min/Weg;57;162;38;220;0;77;1;53;5;613
Münster-Hiltrup;2,27400468384075;60,3501544799176;1,37236533957845;126,15859938208;2,86885245901639;55,3573635427394;0,023686920700309;0,123583934088569;0,038105046343975;0,185375901132853;0,320288362512873;0,13903192584964;0,459320288362513;0,092992507712649;0,396209784045835;0,430145438519171;0,074482150727193;0,006170118995152;2,77960865087539;3,13109048723898;67,0034802784223;21,3994071878473;0,092992507712649;0,336271485235787;0,059938298810049;0,349052446011459;0,003525782282944;0,077567210224769;0,012780960775672;0,061701189951521;0,006170118995152;
;Pers./Haush.;Pkw/100 EW;Pkw/Haush.;Rad/100 EW;Rad/Haush.;Jahre;Azubi;Schüler;Studenten;Ausbildung;Vollzeit;Teilzeit;Erwerbst.;211;899;976;169;14;Wege/P*T;Wege/mP*T;min/mP;min/Weg;211;763;136;792;8;176;29;140;14;2269
Berg Fidel;2,48275862068966;50;1,24137931034483;123,611111111111;3,06896551724138;52,6666666666667;0,027777777777778;0,180555555555556;0,055555555555556;0,263888888888889;0,263888888888889;0,111111111111111;0,375;0,027131782945737;0,426356589147287;0,492248062015504;0,054263565891473;0;2,81944444444444;3,22222222222222;60,9047619047619;18,9014778325123;0,027131782945737;0,368217054263566;0,058139534883721;0,410852713178295;0,003875968992248;0,077519379844961;0;0,054263565891473;0;
;Pers./Haush.;Pkw/100 EW;Pkw/Haush.;Rad/100 EW;Rad/Haush.;Jahre;Azubi;Schüler;Studenten;Ausbildung;Vollzeit;Teilzeit;Erwerbst.;7;110;127;14;0;Wege/P*T;Wege/mP*T;min/mP;min/Weg;7;95;15;106;1;20;0;14;0;258
Hiltrup-Ost;2,38888888888889;66,046511627907;1,57777777777778;125,116279069767;2,98888888888889;53,8279069767442;0,027906976744186;0,088372093023256;0,051162790697675;0,167441860465116;0,325581395348837;0,172093023255814;0,497674418604651;0,086720867208672;0,401084010840108;0,428184281842818;0,070460704607046;0,013550135501355;2,86976744186046;3,18041237113402;66,4329896907217;20,8881685575365;0,086720867208672;0,319783197831978;0,08130081300813;0,333333333333333;0;0,094850948509485;0,02710027100271;0,043360433604336;0,013550135501355;
;Pers./Haush.;Pkw/100 EW;Pkw/Haush.;Rad/100 EW;Rad/Haush.;Jahre;Azubi;Schüler;Studenten;Ausbildung;Vollzeit;Teilzeit;Erwerbst.;32;148;158;26;5;Wege/P*T;Wege/mP*T;min/mP;min/Weg;32;118;30;123;0;35;10;16;5;369
Hiltrup-Mitte;1,90070921985816;58,955223880597;1,12056737588652;135,44776119403;2,57446808510638;60,9962686567164;0,018656716417911;0,07089552238806;0,026119402985075;0,115671641791045;0,354477611940298;0,111940298507463;0,466417910447761;0,095121951219512;0,424390243902439;0,403658536585366;0,075609756097561;0,001219512195122;2,6865671641791;3,1304347826087;71,5565217391304;22,8583333333333;0,095121951219512;0,362195121951219;0,06219512195122;0,328048780487805;0,007317073170732;0,068292682926829;0,013414634146342;0,06219512195122;0,001219512195122;
;Pers./Haush.;Pkw/100 EW;Pkw/Haush.;Rad/100 EW;Rad/Haush.;Jahre;Azubi;Schüler;Studenten;Ausbildung;Vollzeit;Teilzeit;Erwerbst.;78;348;331;62;1;Wege/P*T;Wege/mP*T;min/mP;min/Weg;78;297;51;269;6;56;11;51;1;820
Hiltrup-West;2,52127659574468;54,8523206751055;1,38297872340426;124,894514767933;3,14893617021277;53,9029535864979;0,033755274261603;0,143459915611814;0,042194092827004;0,219409282700422;0,29957805907173;0,147679324894515;0,447257383966245;0,126293995859213;0,403726708074534;0,401656314699793;0,055900621118013;0,012422360248447;2,87341772151899;3,15277777777778;61,462962962963;19,4948604992658;0,126293995859213;0,347826086956522;0,055900621118013;0,318840579710145;0,002070393374741;0,080745341614907;0,002070393374741;0,053830227743271;0,012422360248447;
;Pers./Haush.;Pkw/100 EW;Pkw/Haush.;Rad/100 EW;Rad/Haush.;Jahre;Azubi;Schüler;Studenten;Ausbildung;Vollzeit;Teilzeit;Erwerbst.;61;195;194;27;6;Wege/P*T;Wege/mP*T;min/mP;min/Weg;61;168;27;154;1;39;1;26;6;483
Amelsbüren;2,45205479452055;67,0391061452514;1,64383561643836;116,201117318436;2,84931506849315;51,7597765363129;0,011173184357542;0,195530726256983;0,027932960893855;0,23463687150838;0,312849162011173;0,139664804469274;0,452513966480447;0,097345132743363;0,289085545722714;0,489675516224189;0,117994100294985;0,005899705014749;2,67039106145251;3,0062893081761;71,0566037735849;23,6359832635983;0,097345132743363;0,250737463126844;0,03834808259587;0,412979351032448;0;0,07669616519174;0,020648967551623;0,097345132743363;0,005899705014749;
;Pers./Haush.;Pkw/100 EW;Pkw/Haush.;Rad/100 EW;Rad/Haush.;Jahre;Azubi;Schüler;Studenten;Ausbildung;Vollzeit;Teilzeit;Erwerbst.;33;98;166;40;2;Wege/P*T;Wege/mP*T;min/mP;min/Weg;33;85;13;140;0;26;7;33;2;339
